<configuration>
    <import class="ch.qos.logback.classic.encoder.PatternLayoutEncoder"/>
    <import class="ch.qos.logback.core.ConsoleAppender"/>
    <import class="ch.qos.logback.classic.filter.ThresholdFilter"/>

    <property name="DIR_LOG" value="logs"/>
    <property name="INFO_LOG" value="info"/>
    <property name="DEBUG_LOG" value="debug"/>

    <appender name="STDOUT" class="ConsoleAppender">
        <encoder class="PatternLayoutEncoder">
            <pattern>%d{HH:mm:ss.SSS} [%thread] %-5level %logger{36} -%kvp- logback: %msg%n</pattern>
        </encoder>
    </appender>

    <appender name="FILE-INFO" class="ch.qos.logback.core.rolling.RollingFileAppender">
        <file>${DIR_LOG}/${INFO_LOG}.log</file>
        <filter class="ch.qos.logback.classic.filter.LevelFilter">
            <level>INFO</level>
            <onMatch>ACCEPT</onMatch>
            <onMismatch>DENY</onMismatch>
        </filter>
        <rollingPolicy class="ch.qos.logback.core.rolling.SizeAndTimeBasedRollingPolicy">
            <fileNamePattern>${DIR_LOG}/${INFO_LOG}-%d{yyyy-MM-dd}.%i.log.gz</fileNamePattern>
            <!-- each archived file, size max 10MB -->
<!--            <maxFileSize>10MB</maxFileSize>-->
            <maxFileSize>1MB</maxFileSize>
            <!-- total size of all archive files, if total size > 20GB, it will delete old archived file -->
<!--            <totalSizeCap>20GB</totalSizeCap>-->
            <totalSizeCap>100MB</totalSizeCap>
            <!-- 60 days to keep -->
<!--            <maxHistory>60</maxHistory>-->
            <maxHistory>10</maxHistory>
        </rollingPolicy>
        <encoder>
            <pattern>%d{HH:mm:ss.SSS} [%thread] %-5level %logger{36} -%kvp- logback: %msg%n</pattern>
        </encoder>
    </appender>

    <appender name="FILE-DEBUG" class="ch.qos.logback.core.rolling.RollingFileAppender">
        <file>${DIR_LOG}/${DEBUG_LOG}.log</file>
        <filter class="ch.qos.logback.classic.filter.LevelFilter">
            <level>DEBUG</level>
            <onMatch>ACCEPT</onMatch>
            <onMismatch>DENY</onMismatch>
        </filter>
        <rollingPolicy class="ch.qos.logback.core.rolling.SizeAndTimeBasedRollingPolicy">
            <fileNamePattern>${DIR_LOG}/${DEBUG_LOG}-%d{yyyy-MM-dd}.%i.log.gz</fileNamePattern>
            <maxFileSize>1MB</maxFileSize>
            <totalSizeCap>100MB</totalSizeCap>
            <maxHistory>10</maxHistory>
        </rollingPolicy>
        <encoder>
            <pattern>%d{HH:mm:ss.SSS} [%thread] %-5level %logger{36} -%kvp- logback: %msg%n</pattern>
        </encoder>
    </appender>

    <root>
        <appender-ref ref="STDOUT" />
        <appender-ref ref="FILE-INFO" />
        <appender-ref ref="FILE-DEBUG" />
    </root>

<!--    <logger name="com.example.homeworkspringlog" level="DEBUG" additivity="false">-->
<!--        <appender-ref ref="STDOUT" />-->
<!--        <appender-ref ref="FILE-INFO" />-->
<!--        <appender-ref ref="FILE-DEBUG" />-->
<!--    </logger>-->

</configuration>